FFlename,Segment_label,BegFnnFng,End,F1,B1hz,B1dB,F0,H1,H2,P0,B1-P0,P1Hz,P1,B1-P1F1,B1hz,B1dB,F0,H1,H2,P0,B1-P0,P1Hz,P1,B1-P1F1,B1hz,B1dB,F0,H1,H2,P0,B1-P0,P1Hz,P1,B1-P1,,
chan_00,F,6.8,6.87,362.4876097,234.375,32.61430125,125,35.53519493,32.61430125,35.53519493,-2.92089368,921.875,-5.433544023,38.04784528,578.125,-5.929989995,109.375,28.15131313,22.33617338,28.15131313,-34.08130312,968.75,-13.09999699,7.170006995,234.375,22.23661272,125,33.04601823,26.26075634,33.04601823,-10.80940551,968.75,-3.457699264,25.69431199,m,NV
chan_00,B,12.34,12.4,365.5306403,437.5,31.51943069,125,40.44784844,36.26259074,40.44784844,-8.928417748,906.25,21.3344737,10.18495699,625,37.33846031,125,40.97577776,37.37125978,40.97577776,-3.637317449,906.25,23.0090584,14.32940191,593.75,36.75197546,125,41.07503313,37.75807862,41.07503313,-4.323057669,906.25,18.61052826,18.1414472,m,NV
chan_01,B,1.76,1.81,869.7567654,562.5,38.10423225,141.6612791,41.43355826,37.1433345,41.43355826,-3.329326009,1000,16.3709332,21.73329906,562.5,38.86702396,141.5680142,41.53951687,35.59174925,41.53951687,-2.672492913,1000,17.43170427,21.43531969,562.5,37.50835882,141.0094317,41.22444676,34.64263754,41.22444676,-3.716087942,937.5,16.15795637,21.35040245,m,NV
chan_0101,B,1.03,1.09,757.3073346,1406.25,8.72364991,156.25,25.20062908,13.49902991,25.45667041,-16.7330205,968.75,2.167124915,6.556524995,781.25,0.743838277,156.25,16.39095248,2.028214707,16.39095248,-15.6471142,937.5,-1.344815309,2.088653586,968.75,-3.483488581,156.25,13.58634358,3.404682492,13.58634358,-17.06983216,937.5,-1.151896708,-2.331591873,m,NV
chan_0101,B,6.81,6.88,648.5507864,578.125,39.0384321,140.625,40.83304123,36.35869208,40.83304123,-1.794609131,1000,23.38566326,15.65276884,703.125,39.37412645,140.625,40.6680797,36.56717728,40.6680797,-1.293953255,984.375,32.72545851,6.64866794,703.125,39.36832652,140.625,41.20896991,37.17510703,41.20896991,-1.840643387,984.375,33.5186689,5.849657616,m,NV
chan_0101,B,7.94,8.03,698.7389962,437.5,39.3803959,152.8398678,36.66094097,35.27715021,39.3803959,0,875,16.3441692,23.0362267,437.5,37.40738254,125.5392233,37.33779396,35.89087247,37.85461156,-0.447229014,968.75,15.27794032,22.12944222,406.25,39.75893762,152.9950805,37.33204122,37.09427167,39.75893762,0,1000,13.38242515,26.37651247,m,NV
chan_0101,F,8.52,8.59,350.8194162,312.5,26.75894988,140.8339288,31.36310162,29.72947603,31.65006827,-4.891118389,937.5,3.835446556,22.92350333,375,22.89518399,141.3710532,27.24278311,20.90893086,27.24278311,-4.347599117,1000,-8.563902533,31.459086523,437.5,30.5124272,156.5042261,35.44456131,31.48956656,35.44456131,-4.932134104,875,14.72878352,15.78364369,m,NV
chan_0102,B,2.67,2.75,709.7944156,531.25,29.81557948,96.56178897,31.12424298,35.86022344,3.433653333,26.38192615,937.5,14.69223477,15.12334471,687.5,31.00007786,93.75,29.29051531,32.84788226,11.21233767,19.78774019,968.75,17.95262879,13.04744907,593.75,20.33849392,93.75,26.0783961,30.17784237,2.49204284,17.84645108,906.25,8.95095596,11.38753796,m,NV
chan_0107,F,1.08,1.15,329.3781027,312.5,6.879716898,144.5501157,21.59566617,6.879716898,21.59566617,-14.71594927,1000,-8.350366085,15.23008298,375,35.96566463,145.9375601,34.57853241,33.83435249,35.96566463,0,1000,7.558873397,28.406791233,437.5,30.92825169,179.3020523,39.31561752,39.05459034,40.07577958,-9.147527895,875,18.3965709,12.53168079,m,NV
chan_0108,F,3.46,3.56,361.8973645,234.375,25.71397812,140.625,36.59870359,23.85983464,36.59870359,-10.88472548,953.125,-6.874041191,32.58801931,562.5,-5.241901376,140.625,19.01619539,5.247659534,19.01619539,-24.25809677,921.875,-10.12248568,4.880584304,2046.875,17.86897472,140.625,18.75719094,6.525242364,19.92843819,-2.059463472,1015.625,-0.890180394,18.75915511,m,NV
chan_011,F,4.43,4.48,356.9985819,531.25,30.86813329,93.75,29.36289233,31.39578339,11.05594227,19.81219102,906.25,7.999089531,22.86904376,593.75,31.96295809,93.75,28.30290335,31.04833574,15.48515929,16.4777988,968.75,13.8940031,18.06895499,687.5,25.05407206,93.75,26.67110676,25.63679793,26.67110676,-1.617034701,968.75,7.410142648,17.64392941,m,NV
chan_0110,B,0.99,1.05,552.9827257,515.625,36.55054869,156.25,40.87924921,37.43439588,40.87924921,-4.328700514,953.125,24.31458716,12.23596154,781.25,38.55575578,156.25,40.89134589,36.90438775,40.89134589,-2.335590117,937.5,29.33299316,9.22276262,781.25,38.84658086,156.25,40.50047298,35.89703402,40.50047298,-1.653892124,953.125,32.44276527,6.403815582,m,NV
chan_0111,B,0.83,0.96,639.2523147,812.5,6.957242677,125,10.69089793,7.801633101,14.20324445,-7.246001776,953.125,6.243140126,0.714102551,671.875,2.316923621,140.625,8.95672056,0.572068289,14.95367676,-12.63675314,953.125,1.611619403,0.705304218,515.625,4.620506398,156.25,24.07910503,12.34890106,24.07910503,-19.45859864,937.5,2.729006406,1.891499991,m,NV
chan_0112,F,2.51,2.57,418.6680247,312.5,33.68573637,156.25,36.00902508,36.05265035,10.0392786,23.64645778,1000,4.488432659,29.19730371,312.5,41.15043529,156.25,40.27113787,42.45404282,9.148128233,32.00230706,875,7.181248156,33.969187134,312.5,34.52687004,156.25,38.56783492,37.49746872,38.56783492,-4.040964882,1000,0.73104611,33.79582393,m,NV
chan_0112,F,3.67,3.71,471.403239,656.25,34.8983376,109.375,32.00561803,33.9965576,3.002491057,31.89584655,984.375,22.41365919,12.48467842,640.625,31.38034064,109.375,29.81150055,32.06719107,5.394961254,25.98537939,953.125,26.21138524,5.1689554,718.75,30.1490273,109.375,26.46057817,29.72645454,1.383954218,28.76507309,921.875,20.59075248,9.558274827,m,NV
chan_0112,B,5.36,5.42,769.7628495,406.25,38.10599183,125,37.34604822,35.80378642,38.10599183,0,937.5,31.63216736,6.47382447,531.25,45.28973384,125,37.93306044,37.4810803,45.28973384,0,921.875,34.44477128,10.84496256,640.625,44.75035973,125,38.50127424,36.96975726,44.75035973,0,906.25,34.16413944,10.58622029,m,NV
chan_0112,B,8.36,8.44,723.9697525,437.5,39.48485375,109.375,35.42561956,36.64583786,6.453420118,33.03143363,921.875,8.05057969,31.43427406,484.375,33.23138831,93.75,30.28983042,33.28377418,3.448033122,29.78335518,984.375,3.069838097,30.161550213,437.5,19.88901287,93.75,17.28698743,17.16345469,28.89452132,-9.005508454,937.5,-10.10403561,29.99304848,m,NV
chan_0114,B,3.45,3.51,661.7191793,250,22.06554019,125,32.51779556,22.06554019,32.51779556,-10.45225537,937.5,-7.98163968,30.04717987,343.75,8.103269245,153.703067,19.78577164,5.727258558,19.78577164,-11.68250239,937.5,-9.555149364,17.658418609,593.75,4.715612296,126.6123393,6.477108643,10.72169865,5.46034598,-0.744733684,937.5,-4.83351702,9.549129316,m,NV
chan_0115,B,2.89,2.96,600.3530252,250,24.07202847,125,34.68405704,24.07202847,34.68405704,-10.61202857,937.5,-1.934421402,26.00644987,312.5,13.61832091,125,16.14535372,12.5976023,19.03185818,-5.413537273,906.25,-5.197777522,18.816098432,468.75,8.711303922,125,-0.508570656,7.15329121,11.48775017,-2.776446245,906.25,-2.891354654,11.60265858,m,NV
chan_0115,E,6.32,6.45,515.3162638,312.5,35.46036868,156.25,35.9759236,36.41115639,7.236844984,28.2235237,875,1.104039742,34.35632894,312.5,36.66860968,156.25,36.36941006,37.43777274,7.787023671,28.88158601,875,1.976778289,34.691831391,312.5,31.9819087,156.25,34.50634282,33.72183567,34.50634282,-2.524434114,875,-0.975877237,32.95778594,m,NV
chan_0115,F,6.81,6.89,455.3711692,312.5,21.65302867,155.0944761,36.77730786,28.09346919,36.77730786,-15.12427919,875,-2.847492931,24.5005216,312.5,6.360613651,125,22.76576047,5.182460877,23.97162075,-17.6110071,1000,-15.88600398,22.246617631,468.75,1.66942036,125,9.070994823,7.918843207,10.93340072,-9.263980358,906.25,-12.25230159,13.92172195,m,NV
chan_0116,B,2.58,2.68,491.6118417,281.25,29.07777486,156.25,34.09249318,29.07777486,34.09249318,-5.01471832,1000,5.078391839,23.99938303,312.5,26.22823906,125,32.41946514,27.61484189,32.41946514,-6.191226073,937.5,5.12724704,21.10099202,312.5,21.82600313,125.1967049,30.91176556,24.99745246,30.91176556,-9.085762435,906.25,4.771591286,17.05441184,m,NV
chan_0116,F,5.94,6,393.4197767,562.5,44.02705646,156.25,40.918894,39.45193826,44.02705646,0,875,29.48154762,14.54550884,687.5,43.29373676,125.1660955,39.70979261,40.03038433,11.91725524,31.37648152,968.75,24.23627403,19.05746273,687.5,44.51021361,125,40.4435973,39.6222988,44.51021361,0,968.75,30.90392941,13.6062842,m,NV
chan_0119,B,3.64,3.77,550.5858825,750,24.52852236,125,37.40972932,34.78640382,37.40972932,-12.88120696,906.25,22.44194178,2.086580579,875,29.9228909,125,38.84244213,35.50532419,38.84244213,-8.919551234,906.25,28.69954189,1.22334901,343.75,29.04360643,125,39.81448411,27.85851742,39.81448411,-10.77087768,937.5,7.30368007,21.73992636,m,NV
chan_0119,B,3.9,3.96,694.807715,437.5,32.42731346,156.25,41.95563161,31.39485239,41.95563161,-9.528318154,875,6.297199168,26.13011429,343.75,32.77808096,156.25,42.25508455,35.9932341,42.25508455,-9.477003589,906.25,7.837523945,24.940557015,312.5,35.61963303,156.25,41.0428965,35.61963303,41.0428965,-5.423263475,906.25,8.034367832,27.5852652,m,NV
chan_0120,B,12.32,12.4,627.0245383,406.25,37.39738703,125,39.56673836,36.4287292,39.56673836,-2.169351321,1000,9.495512662,27.90187437,406.25,36.96446862,125,41.06272863,36.35149276,41.06272863,-4.098260006,937.5,9.74159078,27.22287784,406.25,37.82878559,125,40.2666788,35.54337757,40.2666788,-2.437893214,937.5,11.43279955,26.39598604,m,NV
chan_0121,F,4.94,4.98,384.9000356,437.5,19.55189938,156.25,26.94768094,19.65821785,26.94768094,-7.395781568,1000,3.480086596,16.07181278,468.75,36.95994292,156.25,35.47937088,34.31846344,36.95994292,0,875,19.63235967,17.32758325,593.75,37.63788543,156.25,35.13560157,34.21084048,37.63788543,0,875,26.16464409,11.47324135,m,NV
chan_0122,B,1.48,1.53,732.0644587,406.25,36.5331128,125,38.21129135,34.87770452,38.21129135,-1.678178553,1000,6.17298588,30.36012692,468.75,34.28135025,125,35.23515896,34.25474859,35.23515896,-0.95380871,937.5,8.839045906,25.442304344,468.75,35.07164783,124.3687461,32.92516034,33.89800558,15.54202123,19.5296266,1000,9.320510565,25.75113727,m,NV
chan_0122,B,2.28,2.37,664.6775825,390.625,30.20351982,140.625,43.63188938,36.77360508,43.63188938,-13.42836955,906.25,5.13987609,25.06364373,421.875,9.040616681,140.625,19.80164011,14.5873831,21.2052753,-12.16465862,906.25,-0.825592308,9.866208989,671.875,0.610080292,140.625,13.76538244,5.365172117,20.93377879,-20.3236985,921.875,1.84004508,-1.229964788,m,NV
chan_0123,F,2.73,2.85,378.3629552,250,24.10148868,140.625,34.71075211,28.31111899,34.71075211,-10.60926343,968.75,-7.027203726,31.1286924,640.625,-3.56795009,125,26.04746279,20.59539137,26.04746279,-29.61541288,984.375,-4.403495358,0.835545268,1093.75,12.65724338,109.375,35.6342543,25.46472501,35.6342543,-22.97701092,953.125,10.31480144,2.342441943,m,NV
chan_0123,F,6.63,6.71,312.2684308,265.625,32.89450758,125,36.06676039,40.34231894,6.975536994,25.91897058,890.625,-4.84014031,37.73464789,312.5,37.4898118,109.375,31.12459155,36.1929744,2.298624728,35.19118707,937.5,-6.309930675,43.799742475,328.125,31.12059849,109.375,28.11754279,30.02618355,-0.306684136,31.42728263,984.375,-13.89762032,45.01821881,m,NV
chan_0124,B,6.19,6.31,470.2088534,312.5,31.10867817,125.6543436,37.94101163,33.86251812,37.94101163,-6.832333469,968.75,11.62874101,19.47993715,281.25,33.84529324,125,37.83850736,33.84529324,37.83850736,-3.993214119,937.5,15.48936228,18.35593096,375,27.97854568,125,36.96128637,33.6523323,36.96128637,-8.982740696,906.25,15.510695,12.46785068,m,NV
chan_0126,B,5.43,5.5,534.2168913,812.5,28.23930033,125,36.29359877,27.63064559,36.29359877,-8.054298432,937.5,26.57692498,1.662375353,687.5,35.23545464,125,36.06636704,30.63617862,36.06636704,-0.830912401,968.75,27.70981731,7.52563733,687.5,37.07506479,125,35.81298625,31.34513125,37.07506479,0,968.75,23.1584506,13.91661419,m,NV
chan_0127,F,2.93,3.01,409.813645,468.75,27.33418073,156.25,27.56162372,26.7792942,27.56162372,-0.227442988,875,10.16952751,17.16465323,437.5,44.94403884,156.1975486,38.10926076,41.18443518,2.517888786,42.42615005,875,13.69217428,31.25186456,437.5,44.87036637,156.25,38.09582028,40.13235977,3.072673475,41.7976929,875,14.57364785,30.29671852,m,NV
chan_0128,B,2.37,2.48,591.0842633,312.5,7.624376103,139.1843714,28.67116224,7.624376103,28.67116224,-21.04678614,937.5,-3.721576938,11.34595304,312.5,37.2749282,130.7651229,36.68207739,37.2749282,28.40223509,8.872693106,1000,-1.058221944,38.333150144,312.5,38.87901759,130.5031764,37.3271181,38.87901759,28.14122607,10.73779152,1000,-0.584869024,39.46388662,m,NV
chan_0128,B,3.9,4.02,619.9708094,765.625,15.69663065,140.625,21.19592449,10.17411851,21.19592449,-5.49929384,1015.625,9.536260411,6.160370241,812.5,31.22816125,125,33.57769004,28.30023894,33.57769004,-2.349528795,937.5,30.52819203,0.69996922,812.5,35.19964293,109.375,37.6418523,33.15077673,37.6418523,-2.442209375,921.875,33.59966057,1.599982361,m,NV
chan_0129,B,1.65,1.73,637.8989211,453.125,43.80330497,109.375,37.85455974,38.76179176,14.41872304,29.38458193,1000,23.13391221,20.66939276,421.875,42.55758225,109.375,34.05452268,35.87916116,3.125026511,39.43255574,953.125,25.71763008,16.83995217,437.5,32.96082642,109.375,28.81562436,23.08094557,32.96082642,0,984.375,16.27439227,16.68643416,m,NV
chan_0129,B,5.97,6.04,420.6616856,437.5,5.12406919,125,9.179707753,3.676588362,9.179707753,-4.055638563,937.5,-4.120179632,9.244248823,1062.5,0.06501444,125,21.3484994,15.7130353,21.3484994,-21.28348496,1000,-5.169145513,5.234159953,750,-5.046751027,125,22.49614909,17.56201288,22.49614909,-27.54290011,1000,2.784387974,-7.831139,m,NV
chan_0130,B,4.7,4.74,586.6477997,343.75,38.98763078,156.25,41.43004345,43.53625376,17.16003485,21.82759593,906.25,10.02315558,28.9644752,343.75,39.89323291,156.25,41.98751201,44.0425396,13.81297454,26.08025837,937.5,10.59243512,29.30079779,312.5,44.91526209,156.25,41.35456359,44.91526209,8.044093568,36.87116852,937.5,8.98982176,35.92544033,m,NV
chan_0131,F,2.1,2.25,468.4867259,578.125,9.303738323,140.625,18.66944924,14.19848654,21.32966699,-12.02592867,890.625,12.340728,-3.036989674,390.625,45.52088251,125,41.05427423,41.44854461,5.348021867,40.17286065,906.25,17.90687478,27.61400773,343.75,24.20102928,125,41.88180087,45.27371738,-2.322026115,26.5230554,890.625,9.430292975,14.77073631,m,NV
chan_0132,B,3.6,3.66,642.6546766,437.5,39.49201973,156.25,39.88104891,41.02888415,19.1813865,20.31063323,906.25,16.79027907,22.70174065,468.75,48.22985003,156.25,41.67338432,43.04534097,15.6643173,32.56553273,906.25,16.48319001,31.74666002,437.5,47.4216219,156.25,42.27517367,42.39437096,12.80941165,34.61221025,906.25,11.5182648,35.9033571,m,NV
chan_0133,F,2.92,2.97,502.6234292,312.5,31.53906725,156.25,36.44374618,32.98973618,36.44374618,-4.904678938,875,9.628088634,21.91097861,312.5,25.34706329,155.1881718,34.3723364,26.84025144,34.3723364,-9.025273114,875,-0.016703822,25.363767112,343.75,20.93296259,156.25,32.49841871,26.45432655,32.49992098,-11.56695839,968.75,3.009289448,17.92367315,m,NV
chan_0134,B,1.07,1.12,565.9479851,656.25,7.409272029,156.25,13.58370124,14.1105628,2.733108839,4.67616319,1000,3.969160307,3.440111723,484.375,14.07950253,156.25,14.40392762,11.45202187,14.40392762,-0.324425091,1015.625,-1.928542072,16.008044602,421.875,-3.495955262,156.25,13.38852936,6.65989276,13.38852936,-16.88448462,968.75,-8.731225094,5.235269832,m,NV
chan_0135,F,0.66,0.74,371.544331,625,47.55649589,156.25,44.51092309,42.3836609,47.55649589,0,937.5,35.98208686,11.57440904,781.25,48.08863652,156.25,44.67934822,41.39049227,48.08863652,0,937.5,38.7098758,9.37876072,781.25,48.67199462,156.25,44.33816078,40.95887234,48.67199462,0,937.5,35.54537088,13.12662373,m,NV
chan_0136,F,0.97,1.04,346.7049896,625,47.05706867,156.25,44.02828427,41.67955621,47.05706867,0,921.875,34.9116611,12.14540757,765.625,47.46194163,156.25,43.52054675,40.91230008,47.46194163,0,921.875,32.38018448,15.08175715,625,44.75799156,156.25,42.92508928,39.30877251,44.75799156,0,921.875,27.20721484,17.55077672,m,NV
chan_0139,B,1.56,1.63,726.4924807,187.5,4.136220379,125,25.10877445,17.54392343,25.10877445,-20.97255407,968.75,-4.672547036,8.808767414,531.25,10.42042115,125,16.52866787,10.15960786,16.61560093,-6.195179788,968.75,0.839185786,9.581235364,312.5,10.65298049,125,30.4280018,13.45631754,30.4280018,-19.77502131,1000,-0.356899643,11.00988014,m,NV
chan_0139,F,8.22,8.33,357.7885107,312.5,35.39509909,156.25,35.00408358,36.80399885,11.11311722,24.28198187,968.75,-4.421865836,39.81696493,312.5,41.05478025,156.25,39.8178461,42.07313267,8.028782266,33.02599798,875,8.082125325,32.972654925,312.5,35.61048117,156.25,37.18307476,36.77811429,37.18307476,-1.572593591,875,2.190877139,33.41960403,m,NV
chan_0143,B,1.36,1.46,576.5164555,312.5,41.00754689,156.25,44.20562728,41.00754689,44.20562728,-3.198080389,937.5,13.38934751,27.61819938,343.75,24.82664614,156.25,42.11518371,39.63460803,42.11518371,-17.28853757,875,16.7089248,8.11772134,375,30.28556545,125,41.12065291,38.97908479,41.12065291,-10.83508746,906.25,4.415095124,25.87047033,m,NV
chan_0143,B,2.33,2.42,669.0886988,312.5,30.92785153,125,37.9278635,26.75376574,37.9278635,-7.000011967,937.5,0.720762254,30.20708928,312.5,27.02968654,125,36.23298861,28.77661401,36.23298861,-9.203302072,1000,-10.01937079,37.04905733,312.5,22.70623362,133.3502346,32.91373622,22.70623362,32.91373622,-10.2075026,937.5,-9.850001201,32.55623482,m,NV
chan_0143,B,4.55,4.63,619.7343949,375,4.680451145,159.1248505,19.22120319,6.376789749,23.22219357,-18.54174242,937.5,-5.390562231,10.07101338,375,30.20357172,163.4338962,36.84721505,34.40372927,36.84721505,-6.643643327,1000,16.53072457,13.67284715,375,35.79380776,133.3609044,31.7653522,34.37880395,28.23285916,7.560948605,937.5,7.931293476,27.86251429,m,NV
chan_0149,F,1.82,1.87,348.2510199,562.5,-7.678720432,156.25,5.785817674,-2.940770069,10.3948679,-18.07358833,875,-14.00944754,6.330727104,687.5,-10.3280218,156.25,-2.571416278,7.418093778,-2.284504934,-8.04351687,875,-11.64247106,1.31444926,531.25,15.03935593,156.25,17.41390203,9.790685205,27.29492699,-12.25557106,875,4.781891957,10.25746397,m,NV
chan_0151,B,0.94,1.01,508.7996473,343.75,41.77007136,171.875,44.4582506,41.77007136,44.4582506,-2.688179239,875,14.2126537,27.55741766,359.375,40.38501753,171.875,44.81969238,43.58697971,44.81969238,-4.434674847,875,13.9251819,26.45983563,468.75,23.36923764,171.875,44.79721354,44.2967417,44.79721354,-21.4279759,875,16.17226745,7.19697019,m,NV
chan_0151,F,1.35,1.55,456.6906804,546.875,37.28047846,140.625,44.15378064,41.47352936,44.15378064,-6.873302184,937.5,27.50528439,9.775194076,671.875,43.02440125,140.625,42.89102576,40.13897579,43.02440125,0,953.125,35.76434791,7.26005334,578.125,42.2669577,140.625,44.6048722,39.21467995,46.1489754,-3.882017698,1015.625,41.67661216,0.590345543,m,NV
chan_0151,B,2.44,2.54,583.0274722,625,42.75325539,156.25,43.13336693,39.03080215,43.13336693,-0.380111541,906.25,28.64195336,14.11130203,750,46.74546239,156.25,43.47793801,39.45209924,46.74546239,0,906.25,39.27194569,7.4735167,718.75,42.73938054,156.25,43.53564575,37.85593578,43.53564575,-0.796265206,875,40.13656413,2.602816411,m,NV
chan_0151,B,3.74,3.81,527.6280669,687.5,23.17735766,93.75,25.77126816,27.58119495,4.723695413,18.45366225,968.75,12.13914663,11.03821103,687.5,23.17735766,93.75,25.77126816,27.58119495,4.723695413,18.45366225,968.75,12.13914663,11.03821103,687.5,23.17735766,93.75,25.77126816,27.58119495,4.723695413,18.45366225,968.75,12.13914663,11.03821103,m,NV
chan_0155,oF,8.53,8.64,518.3656032,375,27.78489363,110.3804867,31.39366256,31.62944304,26.48635418,1.298539451,1000,-0.80874355,28.59363718,500,9.78052797,109.3395762,20.74914775,19.56523455,21.24983761,-11.46930964,937.5,-0.774277458,10.554805428,1437.5,7.269471808,108.2986658,18.17400925,16.98807233,20.38997363,-13.12050182,937.5,4.706143669,2.563328138,m,NV
chan_0157,F,2.43,2.49,352.9888595,640.625,48.12815247,156.25,43.15235813,40.87206226,48.12815247,0,953.125,34.55220594,13.57594653,796.875,48.17594664,156.25,42.25366414,38.98256483,48.17594664,0,953.125,31.32353207,16.85241457,796.875,39.55295857,156.25,40.31443205,34.26487117,40.31443205,-0.761473479,968.75,35.44632122,4.106637349,m,NV
chan_0159,B,4.33,4.53,579.2969035,468.75,22.02514202,125,34.07161852,24.05975236,34.6071426,-12.58200058,937.5,17.360131,4.66501102,656.25,34.69867787,125,37.54993455,30.43667842,37.54993455,-2.851256675,1000,26.65190534,8.04677253,750,35.09829028,125,36.80819621,31.2675743,36.80819621,-1.709905923,1000,35.95317845,-0.854888166,m,NV
chan_0159,B,4.9,5,670.8195636,343.75,16.03240499,109.375,25.7874806,25.53175482,25.7874806,-9.755075605,906.25,-2.272758684,18.30516368,312.5,11.11007938,109.375,24.15608806,22.72349843,24.15608806,-13.04600867,906.25,0.8044199,10.30565948,312.5,9.162597575,109.375,18.78684912,15.42619388,18.78684912,-9.624251541,906.25,-2.210346899,11.37294447,m,NV
chan_016,F,1.95,2.02,417.6747783,437.5,35.06096288,109.375,38.28639754,39.5148654,13.2257302,21.83523268,1000,13.82398067,21.23698221,453.125,23.96520841,109.375,34.16065383,36.49539387,5.4359386,18.52926981,953.125,10.42738521,13.5378232,468.75,22.83126562,109.375,31.48527482,31.98489951,4.469665473,18.36160015,906.25,8.202940765,14.62832486,m,NV
chan_0160,F,4.13,4.25,352.4048322,578.125,46.82219232,140.625,41.38034641,40.52639389,46.82219232,0,1000,26.90278472,19.9194076,687.5,47.81598574,140.625,40.34675694,39.55131757,47.81598574,0,968.75,36.82436792,10.99161782,671.875,45.52640513,140.625,40.17033993,38.37094444,45.52640513,0,953.125,33.4630223,12.06338283,m,NV
chan_0161,B,6.19,6.27,712.5206933,250,24.92834712,131.1171818,37.43606975,20.91298805,37.43606975,-12.50772263,937.5,1.628771518,23.2995756,250,35.54446149,164.3056018,38.29688102,31.30900591,38.29688102,-2.752419526,1000,7.545294727,27.999166763,312.5,25.22859784,137.8688745,37.65281365,25.22859784,37.65281365,-12.42421581,937.5,7.431736637,17.7968612,m,NV
chan_0162,B,1.02,1.08,652.9781215,375,39.78103795,183.1544018,35.1412557,39.62992592,29.85658531,9.924452639,1000,19.60857351,20.17246444,375,35.32697294,183.3011686,37.06878352,38.3050489,28.47106563,6.855907307,937.5,16.10444947,19.22252347,375,24.32771438,150.4824547,30.58339594,22.23989314,30.58339594,-6.255681565,875,11.7471386,12.58057578,m,NV
chan_0162,B,4.48,4.57,609.7320083,437.5,32.38415746,95.79830572,30.90897445,33.46518186,10.14694291,22.23721455,968.75,4.544016012,27.84014145,406.25,30.34286475,93.75,28.53229751,31.9524699,10.47468729,19.86817747,906.25,1.085877402,29.256987348,500,25.78551739,93.75,26.89205851,31.00929185,10.11298403,15.67253336,906.25,1.712992951,24.07252444,m,NV
chan_0162,B,7.69,7.79,750.5244455,531.25,46.21781435,125,42.76548146,41.37592389,46.21781435,0,906.25,28.17592072,18.04189363,687.5,42.93484044,109.375,37.69406871,37.16088294,42.93484044,0,921.875,31.54763103,11.38720941,718.75,32.61582804,109.375,30.43111136,29.73451158,32.61582804,0,921.875,24.15990567,8.455922377,m,NV
chan_0163,B,2.49,2.6,570.5246025,1250,12.64694115,140.625,38.51617767,26.40559108,38.51617767,-25.86923652,890.625,11.48668524,1.160255909,1562.5,7.068346296,140.625,10.96683723,9.394769347,23.54275055,-16.47440425,921.875,-0.610429595,7.678775891,1671.875,7.296010414,140.625,10.96321555,3.778983987,20.15724216,-12.86123175,921.875,-4.167541779,11.46355219,m,NV
chan_0164,B,3.28,3.33,734.3098685,437.5,37.87905705,156.25,39.02944394,36.63847408,39.02944394,-1.150386896,906.25,8.666021007,29.21303604,437.5,49.44073924,156.25,42.4230202,42.57334648,8.534414913,40.90632432,875,21.23632606,28.20441318,437.5,48.30120562,156.25,42.41518739,42.18042536,48.30120562,0,875,18.94810792,29.3530977,m,NV
chan_0164,B,4.03,4.14,587.2144459,375,37.41661221,125,40.87281821,34.37817245,40.87281821,-3.456206008,937.5,-1.728006935,39.14461914,437.5,35.40225797,125,41.52970312,37.03040298,41.52970312,-6.127445158,937.5,16.4103228,18.99193517,562.5,29.31411092,125,41.03993656,36.00474261,41.03993656,-11.72582564,937.5,17.36039223,11.95371869,m,NV
chan_0164,B,4.33,4.43,511.5561463,437.5,38.40113258,109.375,34.71565642,34.11193863,38.40113258,0,953.125,5.147720522,33.25341206,406.25,34.87257643,93.75,30.18359698,31.81484606,7.074193671,27.79838276,906.25,3.524069584,31.348506846,406.25,24.0812961,109.375,27.94924618,20.51338729,27.94924618,-3.867950083,906.25,-7.009993028,31.09128912,m,NV
chan_0164,B,10.94,11.01,629.3656166,437.5,37.447806,125,40.17164192,35.53586573,40.17164192,-2.723835915,1000,13.22231861,24.2254874,437.5,34.80091953,125,39.9098387,36.32462402,39.9098387,-5.10891917,937.5,15.46860876,19.33231077,437.5,35.94217898,125,39.94523516,37.99130625,39.94523516,-4.00305618,937.5,18.13594017,17.80623881,m,NV
chan_0164,B,11.19,11.25,640.184618,281.25,38.93236467,155.6475587,43.5059508,38.93236467,43.5059508,-4.573586123,1000,4.68462257,34.2477421,250,28.27984841,125,37.5302552,28.27984841,37.5302552,-9.250406793,1000,0.873341334,27.406507076,656.25,28.61859684,125,45.12054447,32.06941761,45.12054447,-16.50194762,906.25,21.72363375,6.894963091,m,NV
chan_0164,B,12.78,12.85,662.4386931,468.75,28.74319642,125,42.08225241,40.5636228,42.08225241,-13.33905598,984.375,21.04916816,7.694028267,484.375,32.76432398,109.375,39.01732043,38.08190847,39.01732043,-6.252996448,937.5,27.70415838,5.0601656,484.375,36.15578971,125,38.40401086,36.86593241,38.40401086,-2.248221149,968.75,15.52438421,20.6314055,m,NV
chan_0164,B,14.04,14.09,635.5754385,281.25,38.54911792,156.25,41.02767341,38.54911792,41.02767341,-2.47855549,875,5.301181153,33.24793677,343.75,33.64152859,156.25,41.7169611,40.14357608,41.7169611,-8.075432514,875,6.852346687,26.789181903,343.75,33.29595914,156.25,41.72796358,39.16059829,41.72796358,-8.432004441,875,1.836955611,31.45900353,m,NV
chan_0166,F,4.53,4.59,346.6118789,375,-0.322051654,137.2514117,11.82096021,2.691345312,11.93898706,-12.26103872,937.5,-10.73462519,10.41257353,437.5,34.80035744,167.5892301,37.75702628,34.16912644,37.75702628,-2.95666884,937.5,10.51788205,24.28247539,500,38.38840275,136.2323482,35.21335434,33.97237968,38.38840275,0,937.5,7.709405623,30.67899713,m,NV
chan_0167,B,8.98,9.06,629.7908432,234.375,18.05590215,140.625,33.1091654,18.5005655,33.1091654,-15.05326325,921.875,4.87371552,13.18218663,671.875,-3.025482084,140.625,19.03462092,5.970071227,19.03462092,-22.060103,921.875,-1.669382354,-1.35609973,687.5,9.639139091,140.625,21.54618594,10.45872169,21.54618594,-11.90704685,968.75,9.534015498,0.105123593,m,NV
chan_0167,F,11.54,11.63,407.0946032,390.625,30.97631075,140.625,42.79583124,36.01521229,42.79583124,-11.81952049,968.75,6.053823973,24.92248677,421.875,45.66820098,140.625,42.45463599,41.05227071,45.66820098,0,1000,11.7885647,33.87963628,437.5,47.81650506,140.625,42.14170526,41.72439495,47.81650506,0,1000,14.96880926,32.84769581,m,NV
chan_0168,B,1.08,1.24,591.2530492,296.875,27.15076959,156.25,33.02540148,27.15076959,33.02540148,-5.87463189,968.75,-5.917539027,33.06830862,1015.625,17.44167659,140.625,31.47335684,21.89782218,31.47335684,-14.03168025,1015.625,17.44167659,0,1078.125,19.98478601,125,38.82305372,30.60592565,38.82305372,-18.83826771,984.375,14.14026076,5.844525247,m,NV
chan_017,B,0.71,0.77,462.6346662,437.5,33.58516147,157.6457753,39.33346156,35.95319706,39.33346156,-5.74830009,875,6.485716108,27.09944536,437.5,28.80733573,157.6274488,36.4330015,30.1757899,36.4330015,-7.625665774,1000,-0.510621848,29.317957578,437.5,37.45442747,134.34339,37.35542778,34.80136167,37.45442747,0,937.5,21.52390071,15.93052676,m,NV
chan_017,E,2.41,2.49,496.73943,671.875,8.580259966,140.625,36.95260339,22.69077701,36.95260339,-28.37234342,937.5,8.607980631,-0.027720665,2000,20.11959387,140.625,16.6683472,11.40023874,23.20845546,-3.088861594,890.625,-2.713239636,22.832833506,1359.375,13.41610395,140.625,12.75505708,2.04900473,18.78764687,-5.371542918,953.125,-7.292813244,20.7089172,m,NV
chan_017,F,7.61,7.67,423.0851337,375,30.53606357,125,38.94652886,37.13436871,38.94652886,-8.410465293,906.25,13.00080596,17.53525761,500,35.91716171,125,36.27958891,37.40126217,7.583232895,28.33392882,968.75,16.22787641,19.6892853,437.5,34.68284446,125,34.67064034,36.61671375,14.6541077,20.02873676,906.25,14.33113558,20.35170888,m,NV
chan_018,F,1.12,1.18,368.9831861,390.625,-4.541651295,140.625,17.65210173,8.607862507,17.65210173,-22.19375302,953.125,-12.80556248,8.263911183,406.25,1.54524906,156.25,17.18517038,0.441917658,18.36092309,-16.81567403,937.5,-13.20796757,14.75321663,640.625,19.56528085,156.25,18.84717558,18.24292818,25.05556688,-5.490286023,890.625,17.9901638,1.575117053,m,NV
chan_018,B,9.58,9.63,522.105367,500,37.55914445,130.8613542,38.10437229,36.26223031,38.10437229,-0.545227844,937.5,20.49697144,17.062173,562.5,31.67594928,131.4866587,37.72718082,28.88415004,37.72718082,-6.051231537,937.5,17.27456314,14.40138614,500,36.60542674,161.1917451,38.24812461,37.24291397,38.24812461,-1.642697867,875,20.37771084,16.2277159,m,NV
chan_018,B,9.85,9.92,565.7467261,250,18.94734331,125,28.92626559,18.94734331,28.92626559,-9.97892228,937.5,-8.917113712,27.86445702,1187.5,-16.84526465,125,23.93400273,13.88100069,23.93400273,-40.77926739,906.25,-6.357221326,-10.488043324,906.25,16.78448234,125,20.86077169,22.56397138,22.30649838,-5.522016038,906.25,16.78448234,0,m,NV
chan_0182,B,2.42,2.5,651.9181853,812.5,-1.123892946,125,28.41724108,12.65138589,28.41724108,-29.54113403,906.25,-3.862666806,2.73877386,875,-0.616319319,125,11.06166088,-4.953903209,11.06166088,-11.6779802,906.25,1.31249408,-1.928813399,1187.5,-9.571209098,156.25,6.185419767,0.543034025,12.81608506,-22.38729416,906.25,-1.597904409,-7.973304689,m,NV
chan_0182,F,5.35,5.42,332.8799732,375,22.81140206,125,25.71825916,24.73083513,25.71825916,-2.906857094,937.5,-1.984847164,24.79624923,437.5,30.3096963,125,23.87968035,24.6408536,19.65612694,10.65356936,1000,5.135070956,25.174625344,375,14.79652863,125,14.65942109,12.78664974,18.32327244,-3.526743807,1000,-1.439374521,16.23590315,m,NV
chan_0184,B,0.86,0.96,573.5163277,656.25,44.44955505,156.25,43.92462355,40.05246606,44.44955505,0,968.75,32.16392652,12.28562853,656.25,46.54796044,156.25,44.0454348,38.49332286,47.04260217,-0.494641732,937.5,23.60018746,22.94777298,781.25,47.43941026,156.25,43.48054648,38.16861594,47.43941026,0,968.75,31.74750719,15.69190307,m,NV
chan_0187,F,3.12,3.16,351.0386626,687.5,12.47698862,125,25.37995627,24.6415553,26.44498756,-13.96799895,937.5,-0.910253263,13.38724188,500,34.08293774,125,26.85810567,28.47850931,26.5954543,7.487483439,1000,8.998200923,25.084736817,562.5,29.63034619,125,22.83376054,21.53284821,29.63034619,0,937.5,5.565883387,24.0644628,m,NV
chan_021,F,1.06,1.12,370.0459629,281.25,27.69438661,156.25,33.14947756,27.69438661,33.14947756,-5.455090952,968.75,-5.333409352,33.02779597,281.25,18.24824246,125,28.55676716,18.24824246,28.55676716,-10.3085247,968.75,-8.606480834,26.854723294,437.5,15.79269255,156.25,24.12885548,14.9243378,24.18275358,-8.390061036,968.75,-2.972158886,18.76485143,m,NV
chan_021,B,4.19,4.31,541.0663624,1656.25,-15.7141208,125,8.874903888,-2.31752281,12.56512173,-28.27924253,937.5,-21.23728253,5.523161729,250,28.4340387,125,38.5968933,28.90539852,38.5968933,-10.1628546,937.5,-11.67303843,40.10707713,218.75,26.5433263,123.2206116,32.435176,26.5433263,32.435176,-5.8918497,906.25,-7.626797385,34.17012369,m,NV
chan_021,F,7.44,7.49,361.7495834,312.5,37.09984635,133.6755868,39.9419577,37.09984635,39.9419577,-2.842111348,1000,0.78444368,36.31540267,312.5,36.70681092,133.24522,39.26865549,36.70681092,39.26865549,-2.561844577,1000,-0.981195223,37.688006143,308.2662959,35.53719905,132.867117,38.95917486,35.53719905,38.95917486,-3.421975807,1000,0.900378178,34.63682088,m,NV
chan_023,B,1.51,1.58,613.25948,437.5,43.75449368,109.375,40.22195864,39.99979915,43.75449368,0,906.25,12.41946283,31.33503085,421.875,45.34810448,109.375,36.51348078,38.66746468,9.938361727,35.40974275,953.125,8.405066216,36.943038264,453.125,25.70514235,125,34.23856331,33.46178015,34.23856331,-8.533420957,953.125,3.803270431,21.90187192,m,NV
chan_026,B,3.48,3.56,659.1500943,312.5,32.17932975,138.5685392,35.71553073,32.17932975,35.71553073,-3.536200979,937.5,-1.474264528,33.65359428,252.675263,31.48556937,168.7995364,34.31504504,28.60121461,34.31504504,-2.829475674,937.5,-15.36513737,46.85070674,312.5,26.76059301,171.1008638,32.38751036,26.76059301,32.38751036,-5.626917343,875,-3.98272562,30.74331863,m,NV
chan_030,B,1.76,1.86,654.5651513,421.875,6.866556254,140.625,24.5286279,13.64777194,24.5286279,-17.66207164,937.5,-16.02380122,22.89035747,343.75,12.25781666,109.375,23.87251505,19.36824125,23.87251505,-11.6146984,968.75,-2.200361217,14.458177877,671.875,18.19409355,109.375,38.63793555,31.68169561,38.63793555,-20.443842,906.25,19.87570806,-1.681614515,m,NV
chan_034,F,7.31,7.37,493.0477682,375,30.75600094,125,33.38079863,33.81862615,13.84458903,16.91141191,937.5,3.6919553,27.06404564,375,32.520585,125,33.69803849,34.65043675,13.11672229,19.40386271,937.5,6.235089758,26.285495242,375,32.79682412,125,32.29384874,32.57733312,14.41988957,18.37693454,937.5,13.34562364,19.45120047,m,NV
chan_035,B,5.73,5.82,604.4236901,343.75,27.27817223,125,26.95376597,26.8659617,27.27817223,0,1000,-10.21244011,37.49061234,343.75,32.27905694,125,28.80068641,33.08375938,8.234742732,24.0443142,906.25,-1.234379067,33.513436007,343.75,35.77369487,125,29.2625411,33.5005549,7.122236653,28.65145822,906.25,-1.611251287,37.38494616,m,NV
chan_036,B,5.96,6.05,640.2790215,468.75,31.84069999,156.25,35.66195203,31.20182894,35.66195203,-3.821252039,1000,22.91578971,8.924910276,718.75,33.70905933,156.25,35.17956824,30.99383282,35.17956824,-1.470508907,875,27.65272715,6.05633218,593.75,33.33276959,156.25,34.9788816,32.02881734,35.83360118,-2.500831585,875,21.30937852,12.02339107,m,NV
chan_036,B,6.23,6.31,448.0994904,468.75,36.35082067,125,23.52777876,28.59114147,5.926667431,30.42415324,906.25,7.199174949,29.15164572,562.5,32.95834154,122.3715429,25.50085676,27.91989495,10.70939646,22.24894509,968.75,10.45781077,22.50053077,656.25,31.88889233,97.44726572,24.29689318,26.76731913,6.052015109,25.83687722,968.75,14.12150902,17.76738331,m,NV
chan_038,F,5.35,5.42,448.4749328,593.75,38.5182753,125,32.63681412,29.27442541,38.5182753,0,968.75,24.56373991,13.95453539,687.5,36.43197994,125,32.854807,29.51567839,36.43197994,0,1000,21.83118066,14.60079928,687.5,35.15586857,123.8054227,32.62512555,30.39267922,35.15586857,0,1000,20.93822876,14.21763981,m,NV
chan_04,B,5.91,6.01,562.4968184,437.5,37.74198411,125,34.60926481,32.73230999,38.13545355,-0.393469438,1000,15.32998783,22.41199629,375,27.60932279,125,27.69553512,25.66253871,28.45146606,-0.84214327,937.5,6.736214965,20.873107825,375,19.13219545,125,29.70616512,26.89326088,29.70616512,-10.57396967,1000,8.856438534,10.27575691,m,NV
chan_041,F,4.87,5.01,425.6427858,625,42.25992489,156.25,40.01140847,36.74272096,42.25992489,0,937.5,32.22727779,10.03264711,531.25,8.216890027,125,10.31610235,2.958844373,10.85025284,-2.633362809,937.5,-4.8139407,13.030830727,531.25,8.479586331,156.25,6.96466734,5.70899627,12.15243127,-3.67284494,937.5,-2.010937332,10.49052366,m,NV
chan_043,F,1.59,1.76,421.9867974,468.75,35.99390915,156.25,36.60718105,33.2695281,36.94880937,-0.954900223,875,20.19297288,15.80093626,531.25,40.43650971,125,39.03522667,36.26334445,40.43650971,0,968.75,21.77935836,18.65715135,406.25,33.91331557,125,35.80025733,31.97893205,35.80025733,-1.886941763,906.25,13.57583907,20.3374765,m,NV
chan_043,F,3.99,4.11,349.8907808,375,41.64657487,156.25,41.61235593,40.91566122,41.64657487,0,937.5,19.39488238,22.2516925,937.5,-3.666281166,156.25,3.947367965,0.156405149,6.339736538,-10.0060177,937.5,-3.666281166,0,875,8.980992989,156.25,15.92512177,17.57612095,19.05423006,-10.07323707,875,8.980992989,0,m,NV
chan_046,F,4.19,4.27,384.7451222,562.5,46.93606702,156.1388087,41.85611966,39.50530517,46.93606702,0,1000,28.989639,17.94642802,562.5,48.68713198,127.1567181,40.51278153,40.02151618,48.68713198,0,968.75,38.86680806,9.82032392,593.75,48.83060802,156.25,42.20510344,39.10852633,48.83060802,0,1000,36.50294678,12.32766124,m,NV
chan_046,F,5.56,5.71,398.7232183,281.25,33.19095541,140.625,39.45500583,33.19095541,39.45500583,-6.264050421,890.625,5.135084324,28.05587109,218.75,18.51389721,125,32.7930045,22.95086185,32.7930045,-14.27910728,1000,-8.358101754,26.871998964,562.5,14.37901689,125,24.10059126,18.54902582,24.10059126,-9.72157437,968.75,8.234547277,6.144469613,m,NV
chan_047,B,1.78,1.88,611.5364044,468.75,44.00975355,156.25,41.71419072,41.10610299,44.00975355,0,906.25,16.84993961,27.15981394,718.75,3.812416417,125,29.59139489,20.62423604,29.59139489,-25.77897848,1000,8.047119715,-4.234703298,1000,6.238419127,156.25,28.93916323,18.35842012,29.23329805,-22.99487892,1000,6.238419127,0,m,NV
chan_047,B,2.55,2.59,709.6071716,1000,19.75893374,127.0732847,37.281275,30.68485375,37.281275,-17.52234126,1000,19.75893374,0,593.75,30.90606154,156.25,38.04684466,30.02498316,38.04684466,-7.140783121,906.25,28.68747254,2.218589,562.5,29.12682593,156.25,36.96052732,31.5899372,36.96052732,-7.83370139,1000,28.46058,0.666245931,m,NV
chan_047,B,3,3.07,881.2818761,375,33.5080285,125,37.17507758,33.43225809,37.17507758,-3.667049085,906.25,6.83630079,26.67172771,1093.75,-6.779955848,125,-4.566997212,-2.885437914,8.567122458,-15.34707831,906.25,-6.372415034,-0.407540814,1031.25,14.87727991,125,16.35565959,15.33436206,17.64238462,-2.765104715,937.5,14.72783821,0.149441699,m,NV
chan_048,F,2.19,2.33,413.117779,609.375,45.42162929,156.25,41.95303049,38.89819583,45.42162929,0,906.25,35.75921519,9.662414109,796.875,3.569020232,125,10.01820612,6.503473891,11.81294184,-8.243921607,921.875,3.99825344,-0.429233208,531.25,17.16065705,140.625,3.481592559,11.35073067,8.623141304,8.537515742,984.375,5.67380566,11.48685139,m,NV
chan_049,B,2.49,2.58,688.8769005,687.5,45.93554039,132.8125,44.37270024,42.51090505,45.93554039,0,960.9375,30.87570511,15.05983529,1281.25,-0.125558391,125,5.564918298,-5.301459514,9.118282272,-9.243840663,937.5,-1.858961314,1.733402923,750,3.009888648,125,-3.976455699,7.099828496,1.211208289,1.798680359,937.5,3.025795883,-0.015907235,m,NV
chan_049,F,5.77,5.83,385.1123834,343.75,10.61638585,109.375,5.142077341,13.56741109,8.961123707,1.655262144,937.5,-11.9413659,22.55775176,437.5,40.45304918,100.257241,31.80566061,35.26469992,15.17827823,25.27477095,906.25,8.339376355,32.113672825,437.5,34.48506315,121.1625187,33.58699645,33.13941257,34.48506315,0,1000,4.382264598,30.10279855,m,NV
chan_05,B,1.52,1.63,572.8352005,625,33.64611826,125,39.44712601,40.05491922,9.892824746,23.75329351,906.25,21.47295968,12.17315857,515.625,1.928878809,125,35.87426858,33.76902522,35.87426858,-33.94538977,968.75,12.90147342,-10.972594611,609.375,23.91105748,125,38.97710553,39.28092228,10.12996491,13.78109257,1000,14.1147323,9.796325182,m,NV
chan_05,B,2.22,2.3,621.8196114,343.75,45.17814414,156.25,43.56254139,45.17814414,13.91274681,31.26539733,875,9.109058562,36.06908558,343.75,47.23305249,156.25,43.47808297,47.23305249,15.85455599,31.37849649,1000,10.41602069,36.8170318,406.25,43.20157279,153.9608042,39.9787382,39.89303417,43.20157279,0,968.75,17.88184954,25.31972325,m,NV
chan_063,B,4.82,4.89,814.3965729,562.5,41.55465125,131.8167281,35.30590249,29.80664999,41.55465125,0,1000,33.79679231,7.757858939,625,28.80716367,130.8752125,35.93893706,27.64628484,35.93893706,-7.131773392,937.5,20.50827825,8.29888542,578.125,41.47698426,140.625,42.19868257,39.09592197,42.40380317,-0.926818915,890.625,24.14223082,17.33475343,m,NV
chan_071,F,1.8,1.94,422.7672849,593.75,43.20735522,156.25,41.1181469,38.95958708,43.20735522,0,906.25,35.47313926,7.734215956,609.375,7.478102438,156.25,12.17564541,-1.073478588,19.8729927,-12.39489026,875,7.40467585,0.073426588,656.25,20.76397111,140.625,14.88260522,10.00662312,23.75937921,-2.995408107,890.625,17.58036985,3.183601252,m,NV
chan_071,F,8.79,8.93,460.2949305,656.25,39.81584978,125,36.72013501,36.56382425,40.34272242,-0.526872639,906.25,25.82199229,13.9938575,625,41.20019367,125,35.99400009,37.64847755,8.880242856,32.31995081,906.25,33.19403721,8.00615646,312.5,31.07152476,156.25,34.34895296,32.90571851,34.34895296,-3.277428196,968.75,-4.747927514,35.81945227,m,NV
chan_072,F,1.2,1.35,377.476991,468.75,44.56634272,156.25,42.22283219,40.84677469,44.56634272,0,875,25.64391903,18.92242368,906.25,13.00779385,125,13.25338236,9.31694334,17.43597533,-4.428181481,906.25,13.00779385,0,296.875,7.337705423,125,21.22793015,18.2383147,21.22793015,-13.89022473,968.75,-14.49496343,21.83266885,m,NV
chan_072,B,6.2,6.23,705.1974046,375,40.39725321,125,35.8280959,40.1481012,8.248837388,32.14841582,890.625,23.1029174,17.29433581,406.25,36.42064905,125,34.79293685,36.63001209,13.47464257,22.94600648,906.25,10.48735187,25.93329718,250,25.55925419,125,29.99145822,25.55925419,29.99145822,-4.432204034,1000,-13.04974923,38.60900342,m,NV
chan_075,F,0.82,0.89,386.8663922,562.5,43.89748396,140.625,41.34864488,41.90680604,3.037220515,40.86026345,890.625,19.97304886,23.9244351,343.75,38.23871023,117.1875,34.10850618,38.36278337,5.138298803,33.10041143,921.875,16.90537558,21.33333465,718.75,45.672206,140.625,40.74068533,38.75730548,45.672206,0,1015.625,33.43985468,12.23235131,m,NV
chan_079,B,1.48,1.56,586.4010696,531.25,14.58069529,126.2368322,28.61697165,14.72191077,28.61697165,-14.03627636,906.25,1.606443438,12.97425185,375,1.910762948,156.25,12.65627928,15.03391868,8.239437794,-6.328674846,875,-12.56945682,14.480219768,312.5,25.37739361,125,30.56319997,23.02321651,30.56319997,-5.185806359,937.5,2.769725445,22.60766816,m,NV
chan_079,B,2.82,2.88,678.6448375,625,38.53182722,125,42.50199892,43.57735652,10.57304284,27.95878438,984.375,30.33452708,8.19730014,312.5,44.45467244,156.25,42.14262133,44.45467244,12.18724654,32.2674259,906.25,6.564780054,37.889892386,437.5,42.83997819,156.25,41.12081086,40.0752532,42.83997819,0,875,16.34816797,26.49181021,m,NV
chan_079,F,5.11,5.21,390.5099599,562.5,42.4938881,128.1701403,36.96086854,28.44446653,42.4938881,0,937.5,21.22759472,21.26629338,562.5,45.26345937,125,40.88981605,40.97720554,11.80308863,33.46037073,906.25,18.94901649,26.31444288,437.5,10.48018805,156.25,18.57470183,18.78859808,7.395201943,3.084986103,1000,-5.787184459,16.26737251,m,NV
chan_079,B,7.13,7.17,688.6045866,406.25,16.68658487,93.75,25.75837784,25.66357683,25.75837784,-9.071792971,906.25,-1.492112801,18.17869767,671.875,6.392133401,125,6.929801399,6.992866815,7.288129871,-0.895996471,890.625,3.468219281,2.92391412,437.5,36.27120204,125,36.76586416,34.86962128,37.76026894,-1.489066897,937.5,14.32613182,21.94507022,m,NV
chan_080,B,9.62,9.71,671.868561,281.25,10.66950074,93.75,22.14382202,24.43007961,11.35269321,-0.683192472,937.5,-10.60953726,21.279038,281.25,10.66950074,93.75,22.14382202,24.43007961,11.35269321,-0.683192472,937.5,-10.60953726,21.279038,281.25,10.66950074,93.75,22.14382202,24.43007961,11.35269321,-0.683192472,937.5,-10.60953726,21.279038,m,NV
chan_082,B,3.97,4.04,764.0512251,562.5,38.59562726,125,36.01120373,38.24554795,31.2255714,7.370055852,937.5,24.07081842,14.52480884,312.5,35.86077723,125,37.67117018,40.77272132,13.21206038,22.64871685,968.75,0.191687216,35.669090014,437.5,39.4196848,141.1663399,36.83832007,38.98784122,31.72641466,7.693270148,937.5,21.13719183,18.28249298,m,NV
chan_082,B,6.83,6.89,730.6103279,1484.375,12.54364648,125,37.50077402,21.31608168,37.50077402,-24.95712754,984.375,5.498614392,7.04503209,656.25,46.40336099,125,40.29146193,40.63342062,9.139023025,37.26433796,937.5,39.32329007,7.08007092,468.75,29.46145785,125,34.08415899,35.08137811,12.24438579,17.21707206,1000,24.62226537,4.839192478,m,NV
chan_082,B,7.22,7.27,502.5957568,531.25,23.09492076,125,39.33224652,36.56746788,39.33224652,-16.23732576,906.25,21.69287736,1.402043395,312.5,32.54027483,109.375,28.66683864,34.49491985,0.257179452,32.28309538,953.125,-8.826788437,41.367063267,312.5,27.80896716,125,34.49085981,32.15344948,34.49085981,-6.681892647,937.5,-2.675890963,30.48485812,m,NV
chan_083,B,3.65,3.74,614.9256876,562.5,38.22010347,156.25,38.53116819,36.61050526,38.53116819,-0.31106472,906.25,26.77473416,11.44536931,312.5,42.0802625,156.25,40.23336287,42.0802625,0.462607089,41.61765542,937.5,8.14522427,33.93503823,437.5,32.95460798,172.7132697,37.76669124,35.65966515,37.83952241,-4.88491443,875,17.26535332,15.68925466,m,NV
chan_087,B,4.33,4.43,564.7800735,500,29.53400909,125,36.86723161,24.64313086,36.86723161,-7.333222529,890.625,15.38255936,14.15144973,531.25,3.912287759,140.625,19.06090498,0.336977614,22.88169614,-18.96940838,890.625,1.272141791,2.640145968,406.25,24.82603541,125,32.08681459,31.00496916,32.08681459,-7.26077918,906.25,8.058279293,16.76775612,m,NV
chan_087,B,6.76,6.82,467.1939225,1093.75,-4.62097042,156.25,9.465773,-2.064538958,9.465773,-14.08674342,875,-5.491201806,0.870231386,812.5,36.13001043,125,36.27152019,27.45548204,36.27152019,-0.141509763,968.75,32.97094407,3.15906636,609.375,29.19159512,109.375,29.87656601,32.93091331,3.274266708,25.91732841,906.25,13.17761002,16.0139851,m,NV
chan_090,B,1.46,1.54,594.3636077,468.75,38.554823,156.25,38.47153634,38.66214899,11.9398018,26.6150212,937.5,16.75319276,21.80163024,312.5,40.48322787,156.25,39.65136256,40.48322787,5.427988678,35.05523919,937.5,0.507561201,39.975666669,625,2.040371111,156.25,27.3658247,19.49178195,27.3658247,-25.32545359,1000,6.014586428,-3.974215317,m,NV
chan_090,B,1.61,1.67,493.5767071,593.75,43.14119018,156.25,41.58992114,37.55328966,43.14119018,0,937.5,35.52771028,7.613479904,500,45.86875914,156.25,40.24436193,39.52057714,45.86875914,0,1000,22.08788354,23.7808756,312.5,40.41018136,156.25,39.72759046,40.41018136,9.041970322,31.36821104,937.5,8.802165174,31.60801619,m,NV
chan_090,B,3.13,3.19,494.7981062,546.875,41.69516498,140.625,37.63453872,34.69052645,41.69516498,0,953.125,31.90616011,9.789004874,687.5,37.11949723,125,34.66672461,33.65359363,37.11949723,0,1000,32.11184916,5.00764807,1281.25,17.41172707,125,37.74331068,28.18288222,37.74331068,-20.33158361,937.5,21.30120288,-3.889475811,m,NV
chan_090,B,5.12,5.22,582.5302357,281.25,34.25065065,125,33.7205502,34.25065065,7.63917195,26.6114787,968.75,-8.367729361,42.61838001,375,25.189648,125,27.21736527,20.3821485,27.21736527,-2.027717271,937.5,-0.391403422,25.581051422,1765.625,13.23993354,140.625,12.50672556,13.67450238,-13.67443694,26.91437047,1015.625,0.410636135,12.8292974,m,NV
chan_093,B,0.99,1.05,523.0478326,437.5,44.54248718,140.625,41.50001994,40.54654742,44.54248718,0,1015.625,20.93888065,23.60360653,656.25,39.67730592,125,38.22727066,34.15520065,39.67730592,0,937.5,27.51399907,12.16330685,437.5,35.32309522,109.375,33.2943354,33.27118153,35.32309522,0,906.25,3.390721523,31.9323737,m,NV
chan_093,F,1.39,1.56,462.1961606,406.25,41.38531767,125,40.7291412,39.37165158,41.38531767,0,906.25,13.65250599,27.73281168,406.25,33.40162758,156.25,40.38878774,38.94058578,40.38878774,-6.987160155,875,10.38925738,23.0123702,1734.375,20.15763619,171.875,6.886725287,-0.65833833,20.30706274,-0.149426551,921.875,-0.296151803,20.45378799,m,NV
chan_094,B,1.13,1.19,549.1236149,640.625,-0.333486438,140.625,16.99440392,13.48996663,17.66501538,-17.99850182,968.75,-12.43125624,12.0977698,562.5,20.24810041,184.2394708,32.66077789,27.98438896,32.66077789,-12.41267748,875,14.63038828,5.61771213,687.5,6.699550561,156.25,22.6818225,7.603120155,22.91234999,-16.21279943,875,7.857973104,-1.158422543,m,NV
chan_095,oF,4.08,4.21,725.7010004,250,22.5712018,96.97513074,22.61743415,23.81671515,9.704516657,12.86668514,937.5,-8.88335671,31.45455851,255.0201133,25.84978225,125,25.28907676,25.84978225,25.24866178,0.601120467,1000,-14.35404384,40.20382609,578.125,37.69780692,109.375,36.06444966,35.44019762,37.69780692,0,937.5,32.26220959,5.435597336,m,NV
chan_096,B,4.73,4.79,564.5782492,656.25,28.47082587,93.75,28.46555058,31.22261326,8.648006391,19.82281948,937.5,11.51175804,16.95906783,656.25,28.47082587,93.75,28.46555058,31.22261326,8.648006391,19.82281948,937.5,11.51175804,16.95906783,593.75,34.83378652,93.75,27.77193006,30.54864741,12.79653464,22.03725189,906.25,17.12638992,17.70739661,m,NV
chan_098,F,3.66,3.71,398.4804312,500,47.50255617,125,40.7161269,40.81750663,-3.118895981,50.62145216,984.375,25.89592797,21.6066282,437.5,42.02281279,131.7955242,39.54637553,36.9446402,42.02281279,0,937.5,16.0341428,25.98866999,718.75,37.97147335,125,36.42431604,29.16506857,37.97147335,0,968.75,28.93865435,9.032818999,m,NV
chan_099,F,1.92,2.04,382.8212598,687.5,39.38117751,125,38.7794117,35.24472972,39.38117751,0,937.5,32.35009428,7.031083238,312.5,-7.375538862,125,14.52052753,2.703918901,14.52052753,-21.89606639,937.5,-20.16923623,12.793697368,1828.125,0.714321064,125,16.06498965,1.199062981,16.06498965,-15.35066859,968.75,-9.09379884,9.808119904,m,NV
chan_099,F,2.27,2.34,338.6731876,375,33.5142688,93.75,25.72361599,30.20921633,10.94080929,22.57345951,968.75,2.858313576,30.65595522,437.5,31.20223204,112.3112443,32.8556628,32.38329439,32.8556628,-1.653430762,1000,9.786024173,21.416207867,859.375,-0.292181951,125,3.289257223,5.294437593,-3.522902541,3.23072059,968.75,1.530216322,-1.822398274,m,NV
